0,1,2,3,4,5,6,7,8,9,10,11,12,13,14,15,16,17,18,19,20,21,22,23,24,25,26,27,28,29
0,0,0,13,13,55,385,685,1140,1936,1965,2220,3549,4359,6468,7516,9348,11420,14180,17939,22807,27044,30909,35195,39566,45362,51046,57569,64045,73597
0,0,0,1,1,9,34,67,108,172,176,201,257,284,384,447,642,849,1079,1370,1679,1996,2228,2452,2638,2983,3303,3647,4068,4660
0,0,0,0,0,0,0,0,0,0,0,0,0,1,1,1,3,12,13,13,17,23,25,27,28,28,31,38,43,48
0,0,0,0,0,0,1,3,14,25,26,27,31,33,45,60,74,87,109,143,169,207,260,302,375,477,579,646,719,843
0,0,0,0,0,0,2,2,2,2,2,6,6,6,12,12,16,26,45,76,115,170,214,247,329,377,447,480,582,644
0,0,0,2,2,6,41,91,169,309,318,353,536,575,768,876,1074,1326,1668,2105,2586,3059,3585,4088,4654,5366,6053,6680,7573,8801
0,0,0,0,0,0,0,0,4,4,4,4,5,7,7,7,11,11,12,15,21,39,70,84,100,108,123,125,164,203
0,0,0,0,0,2,4,8,22,37,38,44,56,60,87,101,118,130,159,194,246,287,312,350,389,462,552,615,680,782
0,0,0,0,0,0,6,15,29,57,57,60,100,120,179,225,294,363,451,596,736,902,1114,1332,1511,1723,1966,2251,2621,3049
0,0,0,5,5,45,124,300,578,1122,1143,1356,2016,2353,3276,3969,5020,6107,7778,9635,11772,13899,16100,18617,20921,23981,27337,30292,34212,39340
0,0,0,0,0,0,0,0,1,3,3,5,7,10,20,23,28,45,65,93,113,141,189,216,250,285,316,356,394,478
0,0,0,0,0,0,0,0,0,0,0,0,0,0,0,0,0,0,0,0,2,3,3,9,15,19,19,19,19,21
0,0,0,0,0,4,11,21,49,77,78,96,145,183,287,339,438,567,674,887,1180,1383,1572,1806,2014,2393,2727,3038,3431,3919
0,0,0,0,0,0,0,0,0,0,0,0,0,0,1,11,12,17,19,29,35,42,50,55,71,73,77,88,89,112
0,0,0,0,0,1,5,18,38,57,57,60,89,95,137,157,205,239,305,377,447,558,664,743,833,974,1096,1215,1392,1634
0,0,0,0,0,0,0,0,3,3,3,3,33,93,110,112,158,175,251,344,544,670,904,1121,1191,1266,1327,1399,1548,1663
0,0,0,0,0,0,0,0,0,0,0,0,0,0,0,0,0,0,5,5,6,6,6,6,6,8,8,16,16,28
0,0,0,2,2,19,109,247,490,852,876,977,1408,1584,2117,2367,2808,3368,4227,5093,6344,7601,8670,9619,10522,11828,13082,14389,15917,18239
0,0,0,0,0,1,3,6,10,13,13,14,16,16,17,22,32,65,102,119,137,154,174,182,213,240,250,283,325,385
0,0,0,0,0,2,12,16,28,73,76,78,137,176,250,274,323,409,486,613,759,910,1042,1189,1298,1448,1631,1776,1975,2182
0,0,0,0,0,0,0,0,3,4,4,5,5,11,19,22,24,26,36,54,61,68,75,92,114,128,141,158,191,209
0,0,0,7,7,14,146,242,396,603,621,660,939,1040,1564,1712,1904,2164,2494,3068,3781,4275,4723,5232,5803,6528,7213,7934,8822,9923
0,0,0,0,0,0,0,0,1,1,1,2,2,2,9,12,16,19,25,25,40,61,71,82,89,105,115,124,128,143
0,0,0,0,0,3,3,4,4,4,4,4,4,5,5,5,8,11,17,30,37,49,54,63,66,79,89,99,111,119
0,0,0,2,2,2,5,10,27,56,60,71,102,132,256,301,363,423,516,710,898,1028,1225,1378,1491,1694,1883,2113,2351,2679
0,0,0,9,9,12,150,201,245,392,406,549,817,1019,1463,1777,2151,2477,2893,3367,3961,4597,4951,5368,5744,6143,6570,7177,7620,8273
0,0,0,0,0,0,0,0,0,0,0,0,0,0,0,1,2,3,3,3,3,3,3,6,6,7,7,13,15,16
0,0,0,3,3,7,53,79,94,187,191,221,384,464,717,796,941,1148,1396,1799,2307,2732,3125,3539,3939,4444,4990,5386,5852,6495
0,0,0,0,0,0,1,1,1,1,1,1,1,1,1,1,1,1,1,4,4,6,6,6,6,9,12,16,33,40
0,0,0,0,0,0,1,10,11,13,13,14,23,24,33,35,63,88,96,137,177,235,270,303,333,394,465,514,617,761
0,0,0,0,0,0,7,23,48,69,69,117,429,627,1357,1472,1602,1849,2102,2801,3544,3919,4118,4294,4406,4487,4572,4777,5105,5364
0,0,0,0,0,5,5,5,6,6,6,11,42,58,74,87,94,112,165,179,196,204,221,274,316,348,368,401,413,431
0,0,0,0,0,0,0,1,4,6,6,24,35,80,91,101,114,131,189,213,238,311,401,446,483,518,552,566,638,690
0,0,0,0,0,0,0,0,1,1,1,1,1,1,2,2,2,2,12,12,12,18,20,20,32,36,40,47,48,54
0,0,0,0,0,0,0,2,10,12,13,13,16,24,57,69,92,117,139,160,170,192,222,257,285,309,341,367,390,422
0,0,0,0,0,0,0,0,2,2,2,2,2,2,13,13,14,26,75,77,88,92,113,121,124,130,132,151,175,186
0,0,0,0,0,3,5,9,21,27,27,30,35,39,48,49,62,74,82,102,140,193,295,375,421,505,550,586,630,791
0,0,0,0,0,2,2,4,5,6,6,6,6,6,9,10,22,39,69,88,95,97,111,119,124,135,144,157,160,179
0,0,0,0,0,1,1,3,6,7,7,7,8,10,11,12,13,15,15,16,24,24,24,37,41,64,69,76,85,106
0,0,0,1,1,9,47,97,209,318,334,364,444,468,581,681,796,965,1179,1482,1788,2152,2498,2828,3190,3735,4358,4873,5494,6471
0,0,0,0,0,0,0,26,26,26,26,26,26,28,36,44,56,63,73,80,88,118,156,164,169,188,259,306,322,399
0,0,0,0,0,0,0,2,2,3,3,3,5,5,11,14,19,31,51,79,120,138,147,187,201,201,209,215,226,238
0,0,0,0,0,0,0,0,0,1,2,3,10,10,13,22,24,27,31,34,71,91,95,105,121,163,212,249,265,302
0,0,0,4,4,5,10,12,21,57,57,57,197,244,368,408,493,605,698,819,1056,1210,1348,1462,1604,1729,1839,2186,2425,2756
0,0,0,1,1,5,7,18,53,109,111,111,152,155,194,216,257,296,382,473,566,723,852,1034,1201,1477,1776,2030,2402,2969
0,0,0,0,0,0,1,4,7,17,17,18,33,40,60,78,133,183,262,308,437,560,688,804,960,1086,1224,1384,1677,1911
0,0,0,0,0,0,0,0,0,0,0,1,2,2,3,3,6,18,29,41,42,47,48,50,52,52,52,52,55,63
0,0,0,0,0,0,0,0,1,1,1,1,1,1,2,6,42,51,76,132,162,168,172,176,193,212,235,261,300,329
0,0,0,0,0,0,3,7,12,21,21,25,30,33,50,62,74,94,111,139,174,216,247,277,320,396,448,502,565,661
0,0,0,0,0,0,0,0,0,3,3,4,13,18,28,37,60,82,104,123,167,190,221,256,279,312,335,387,424,514
0,0,0,0,0,0,0,0,1,1,1,1,1,1,4,11,11,14,26,29,29,29,31,53,58,63,64,75,101,104
0,0,0,0,0,0,0,0,0,1,1,1,1,1,5,5,5,14,14,15,17,21,21,23,23,27,32,32,51,64
0,0,0,0,0,0,0,0,0,0,0,0,1,2,3,3,4,4,6,8,11,14,17,18,20,22,23,26,34,46
0,0,0,2,2,5,24,38,54,92,96,100,134,142,174,185,215,265,316,376,443,504,617,700,805,968,1075,1258,1398,1591
0,0,0,0,0,0,4,10,12,22,22,22,22,22,24,29,40,41,46,52,55,59,89,113,146,152,159,160,172,193
0,0,0,0,0,0,0,0,3,3,3,4,5,5,5,10,26,34,34,44,49,56,71,90,107,155,184,220,233,258
0,0,0,1,1,8,46,110,157,321,329,348,457,509,656,832,1087,1226,1394,1792,2041,2390,2689,3158,3519,4034,4503,5021,5587,6343
0,0,0,0,0,4,34,38,45,118,118,118,192,224,253,304,347,370,453,547,663,787,892,1052,1153,1296,1372,1527,1831,1916
0,0,0,0,0,0,0,2,12,20,20,28,40,46,57,66,119,253,325,387,455,500,567,671,755,858,907,999,1114,1184
0,0,0,0,0,0,0,0,3,14,14,15,27,30,72,83,92,119,155,197,257,296,332,432,493,561,599,687,861,955
0,0,0,0,0,0,0,3,7,9,9,11,16,19,33,40,66,72,110,114,150,167,320,367,415,477,553,616,661,721
0,0,0,0,0,0,2,5,9,10,10,41,46,114,128,141,162,200,283,325,369,444,471,514,587,596,622,650,688,741
0,0,0,0,0,0,0,0,1,4,4,6,8,17,37,43,49,100,118,149,168,201,245,287,337,411,464,490,543,655
0,0,0,0,0,0,11,14,29,92,92,93,159,173,268,329,439,531,625,820,1056,1210,1317,1511,1688,1977,2159,2414,2685,3014
0,0,0,0,0,0,0,1,3,7,7,7,11,14,29,36,48,61,98,116,144,186,215,250,289,363,411,505,603,755
0,0,0,6,6,9,43,51,64,162,162,205,406,525,964,1061,1369,1590,1864,2401,3023,3378,3644,4038,4380,4754,5042,5398,5761,6331
0,0,0,0,0,0,0,0,0,1,1,1,2,2,9,9,11,15,16,27,36,61,82,111,120,158,170,179,241,295
0,0,0,2,2,2,8,8,8,18,18,28,42,83,158,223,307,406,480,583,663,774,852,912,941,1017,1046,1130,1170,1222
0,0,0,0,0,0,0,4,6,13,13,14,17,17,20,20,25,35,44,60,83,107,137,164,205,243,273,285,313,361
0,0,0,0,0,0,3,11,11,13,14,16,26,27,34,44,64,81,137,175,184,199,225,306,347,384,427,479,502,588
0,0,0,0,0,0,3,3,5,46,46,70,152,227,547,580,687,732,826,1116,1454,1622,1759,1931,2051,2222,2315,2493,2671,2908
0,0,0,2,2,6,40,96,156,256,262,266,356,399,519,562,608,720,818,984,1222,1372,1537,1696,1838,2086,2295,2600,2883,3284
0,0,0,0,0,0,0,0,0,2,2,2,2,2,17,25,26,27,48,100,119,175,246,266,291,333,367,401,440,478
0,0,0,0,0,0,0,2,3,5,5,8,13,20,27,30,45,52,69,98,122,160,184,227,255,302,354,393,452,549
0,0,0,0,0,0,1,1,6,12,12,20,26,32,49,76,115,161,247,304,338,407,482,530,578,645,703,736,783,916
0,0,0,0,0,2,3,6,18,31,32,39,65,75,123,146,166,196,269,335,412,480,573,648,727,854,937,1047,1196,1341
0,0,0,0,0,0,2,2,2,2,2,2,7,13,20,29,67,74,110,156,207,246,334,411,438,493,529,631,688,838
0,0,0,0,0,0,0,0,3,3,3,3,3,3,11,11,21,24,32,45,58,80,90,94,98,98,100,135,153,157
0,0,0,0,0,0,0,6,12,13,13,13,20,20,24,28,32,32,39,51,57,67,75,79,95,101,107,121,138,173
0,0,0,0,0,0,1,1,3,7,7,9,18,21,29,33,43,45,61,88,114,168,204,243,312,387,465,570,622,713
0,0,0,0,0,3,3,3,4,5,5,5,110,131,146,152,183,222,273,319,371,496,586,645,736,766,803,896,942,1005
0,0,0,0,0,0,0,2,2,3,3,38,47,92,144,177,273,283,299,338,381,400,412,422,432,474,521,540,564,619
0,0,0,0,0,0,0,0,4,4,4,15,20,20,20,44,103,116,119,140,176,188,199,211,235,245,252,254,267,291
0,0,0,0,0,0,0,1,5,9,9,9,30,35,35,35,65,79,102,170,240,263,271,329,351,360,372,429,462,524
0,0,0,0,0,0,2,4,13,21,21,23,30,33,35,35,43,58,91,137,199,262,295,342,410,455,535,567,684,789
0,0,0,0,0,0,5,7,8,15,15,97,117,141,148,148,176,187,261,290,315,377,424,443,448,455,482,494,511,535
0,0,0,0,0,0,10,13,28,49,49,59,102,144,265,285,358,400,493,632,783,944,1017,1122,1179,1231,1270,1385,1555,1662
0,0,0,0,0,0,6,8,9,12,12,52,69,105,111,122,164,171,226,273,314,365,383,428,497,536,644,801,855,947
0,0,0,0,0,9,24,65,121,184,189,195,262,282,389,486,601,736,924,1160,1357,1625,1873,2165,2454,2858,3244,3633,4031,4702
0,0,0,0,0,0,0,0,0,1,2,2,2,3,21,25,29,38,100,134,146,162,198,290,341,376,423,468,507,595
0,0,0,0,0,0,0,1,8,12,12,16,22,26,33,42,82,114,136,158,187,227,268,271,280,300,306,328,378,422
0,0,0,0,0,0,1,1,4,4,4,7,57,69,82,87,116,154,197,228,303,375,442,474,526,565,590,621,683,739
0,0,0,0,0,0,0,0,0,1,1,1,2,3,18,23,24,29,45,71,88,113,141,182,222,282,333,372,450,590
0,0,0,1,1,1,6,14,23,31,31,40,59,74,109,133,172,204,271,324,421,508,610,676,750,865,952,1041,1177,1396
0,0,0,0,0,7,8,11,23,38,38,38,68,105,255,382,499,828,968,1033,1146,1361,1471,1552,1612,1738,1804,1882,1962,2050
0,0,0,0,0,0,0,0,3,20,20,20,28,35,41,50,75,86,110,124,157,173,195,246,278,315,385,433,536,676
0,0,0,0,0,2,3,6,9,10,10,14,27,29,57,73,96,138,179,218,255,307,364,424,483,562,635,707,764,820
0,0,0,0,0,0,0,1,1,1,1,28,49,92,182,214,236,253,280,330,402,429,499,521,562,633,649,661,692,709
0,0,0,0,0,0,0,0,2,2,2,2,2,2,2,2,2,2,2,2,4,4,6,6,6,9,9,35,35,44
0,0,0,7,7,25,217,392,678,1128,1148,1230,1839,2079,2886,3105,3637,4176,4921,6010,7348,8576,9411,10376,11294,12597,13733,14857,16416,18296
0,0,0,0,0,0,0,0,0,0,0,0,1,1,6,6,7,10,17,29,59,64,92,106,113,143,172,194,244,263
0,0,0,0,0,0,1,11,22,58,58,62,119,191,338,382,567,830,1186,1579,1968,2284,2481,2758,2923,3329,3598,4013,4413,4847
0,0,0,0,0,0,3,10,18,41,44,59,102,120,145,173,202,241,296,333,397,439,498,547,591,675,743,855,944,1044
0,0,0,0,0,0,2,2,4,5,6,6,10,11,13,20,23,34,51,90,124,142,147,154,161,166,192,197,217,246
0,0,0,0,0,0,1,1,1,1,2,3,3,3,7,12,13,17,25,49,56,92,119,144,168,192,229,253,278,352
0,0,0,0,0,0,1,1,4,42,42,71,160,186,286,312,367,439,520,690,810,875,929,1045,1103,1172,1294,1401,1475,1652
0,0,0,3,3,3,6,6,9,12,12,12,42,56,129,157,166,186,222,330,425,468,496,514,558,611,656,714,783,860
0,0,0,0,0,0,1,5,6,8,8,12,20,23,39,54,92,97,118,134,201,223,271,335,362,390,437,468,489,538
0,0,0,0,0,0,4,6,10,11,11,14,48,80,240,263,319,426,533,739,1089,1262,1391,1497,1667,1831,1953,2089,2330,2543
0,0,0,0,0,0,0,0,0,0,0,0,0,0,2,2,3,3,3,5,14,15,15,16,16,17,32,41,49,55
0,0,0,0,0,0,0,0,0,2,2,2,2,2,2,2,4,5,7,11,13,15,18,20,23,33,35,44,47,53
0,0,0,0,0,0,0,1,1,1,1,1,1,1,1,2,14,14,15,16,18,24,27,28,40,47,48,53,57,64
0,0,0,0,0,0,0,6,17,20,20,23,33,36,43,43,59,59,60,60,62,82,101,135,137,138,138,142,147,155
0,0,0,0,0,0,0,0,0,3,4,4,5,12,18,136,236,245,310,346,368,457,558,631,715,799,901,993,1059,1116
0,0,0,0,0,0,1,2,7,14,14,18,21,36,41,67,88,95,120,152,226,265,357,423,462,503,566,634,717,778
0,0,0,0,0,0,0,0,0,0,0,2,4,4,4,4,4,5,7,11,17,80,105,105,108,188,226,343,456,640
0,0,0,0,0,0,3,3,11,11,11,12,13,13,15,19,19,21,39,42,48,56,75,78,87,96,102,118,123,130
0,0,0,0,0,0,4,4,4,4,4,4,4,5,8,11,12,14,17,19,30,43,73,96,194,242,279,301,373,466
0,0,0,0,0,0,0,0,0,2,2,2,2,2,2,2,3,4,4,5,5,5,5,6,10,12,16,24,27,49
0,0,0,0,0,0,0,0,0,0,0,0,0,0,0,0,0,0,2,7,12,13,18,19,26,31,36,66,80,100
0,0,0,0,0,0,23,35,51,66,66,97,133,134,172,186,215,221,257,262,270,275,281,285,303,308,310,316,348,358
0,0,0,0,0,3,8,19,40,50,50,53,60,68,110,169,208,242,296,360,471,532,606,692,738,822,958,1015,1071,1216
0,0,0,0,0,1,1,1,3,8,8,9,13,13,33,38,43,49,71,107,146,176,196,217,236,273,286,306,344,372
0,0,0,0,0,0,0,0,0,1,1,1,19,23,27,29,38,59,74,93,105,130,190,236,256,285,315,342,394,426
0,0,0,0,0,2,3,11,17,43,44,48,65,80,172,192,245,304,373,430,494,610,851,1019,1195,1308,1369,1461,1552,1643
0,0,0,0,0,0,1,1,1,4,4,4,5,5,5,22,32,34,45,70,74,80,90,97,102,112,120,139,151,175
0,0,0,0,0,0,0,0,1,1,1,1,3,3,5,6,8,9,17,27,31,32,34,34,42,42,45,45,49,62
0,0,0,0,0,0,0,0,0,1,1,1,3,13,71,98,137,138,156,239,328,419,450,457,466,470,482,493,502,530
0,0,0,0,0,0,0,0,1,1,1,1,3,5,9,9,11,21,28,63,125,149,165,188,211,232,237,268,295,328
0,0,0,0,0,0,0,0,0,0,0,0,0,0,0,0,5,5,5,5,6,7,7,7,7,7,7,7,7,7
0,0,0,0,0,0,3,3,6,7,7,14,17,22,51,55,87,111,204,278,359,437,522,638,692,830,865,925,1016,1080
0,0,0,0,0,0,0,0,0,0,0,0,0,0,0,0,0,10,24,24,24,25,25,25,32,33,55,55,63,63
0,0,0,0,0,5,7,8,10,23,24,24,36,36,52,59,123,144,190,217,277,378,432,519,583,689,787,856,993,1152
0,0,0,0,0,3,3,6,6,13,13,13,23,27,31,33,35,73,92,109,143,184,199,228,260,271,277,319,356,396
0,0,0,0,0,0,0,0,0,0,0,0,0,2,3,8,15,19,34,49,76,85,94,113,133,156,197,221,246,326
0,0,0,0,0,0,2,2,9,15,15,16,33,38,94,162,204,297,444,504,553,703,734,808,967,1086,1185,1228,1318,1378
0,0,0,0,0,0,0,0,2,2,2,2,2,4,6,6,9,26,26,47,66,114,133,163,181,197,202,202,264,269
0,0,0,0,0,0,0,0,2,2,2,2,5,9,10,16,18,24,28,41,61,79,85,107,124,163,197,225,244,278
0,0,0,1,1,3,8,29,70,106,108,113,146,162,215,251,295,363,434,552,648,774,910,1075,1193,1382,1660,1859,2057,2354
0,0,0,0,0,0,0,0,0,0,0,0,0,0,0,0,1,2,3,5,6,8,11,16,18,22,29,31,51,59
0,0,0,0,0,0,0,0,1,1,1,1,3,3,32,34,38,42,47,77,100,123,130,147,162,181,219,239,271,317
0,0,0,0,0,0,40,42,45,115,115,151,239,250,302,314,382,426,507,604,699,794,867,976,1060,1105,1209,1265,1298,1397
0,0,0,0,0,0,0,0,0,0,0,0,0,0,0,5,5,6,6,7,8,10,11,14,30,32,37,45,65,160
0,0,0,0,0,0,0,0,0,0,0,2,3,3,3,7,7,20,80,110,113,142,156,172,180,196,227,239,298,309
0,0,0,0,0,0,0,0,0,0,0,0,2,16,126,126,161,171,197,241,278,329,344,358,384,402,449,472,498,524
0,0,0,0,0,1,1,1,6,6,6,6,9,13,23,25,27,27,33,33,45,56,69,75,99,119,127,140,157,189
0,0,0,0,0,1,1,3,6,10,10,17,23,24,25,26,37,55,86,110,119,161,205,250,283,302,332,370,427,492
0,0,0,0,0,1,3,12,22,31,31,31,32,40,49,139,177,268,394,447,513,616,838,930,989,1083,1164,1275,1335,1498
0,0,0,0,0,0,0,4,8,9,9,9,9,12,12,48,92,102,119,164,177,244,298,359,415,526,650,755,847,936
0,0,0,0,0,1,14,18,41,64,64,67,83,86,100,102,117,135,145,168,202,222,242,263,287,339,354,393,420,464
0,0,0,0,0,14,19,30,68,121,121,308,383,455,627,793,1059,1541,2003,2338,2733,3250,3846,4443,5049,5480,5965,6484,6908,7491
0,0,0,0,0,0,0,0,1,11,11,12,27,27,32,36,57,73,92,145,187,242,268,301,315,329,337,354,407,463
0,0,0,0,0,0,0,0,1,4,4,4,4,4,13,18,19,28,38,49,64,70,101,126,137,180,226,249,278,331
0,0,0,0,0,3,8,18,25,42,42,43,54,59,78,97,132,196,319,381,433,553,630,704,792,901,980,1049,1152,1295
0,0,0,0,0,0,0,0,0,0,0,0,0,0,0,0,0,2,9,17,21,21,23,34,37,43,65,71,74,83
0,0,0,0,0,1,7,18,25,37,37,39,50,53,58,64,98,150,210,242,300,408,496,546,599,669,706,749,774,830
0,0,0,1,1,28,66,136,263,436,440,461,659,717,900,1001,1189,1460,1790,2232,2797,3457,4077,4708,5322,6283,7228,8119,9447,11058
0,0,0,0,0,0,0,0,2,10,10,11,11,13,18,19,22,32,46,63,86,105,131,169,210,264,316,344,410,479
0,0,0,0,0,0,1,2,8,15,15,16,19,62,128,168,191,257,301,358,414,446,533,570,620,683,759,789,832,968
0,0,0,0,0,0,0,0,0,0,0,0,0,0,0,13,17,19,21,26,27,34,35,57,61,75,99,109,119,119
0,0,0,8,8,38,177,344,611,1062,1081,1175,1861,2036,2987,3279,3893,4607,5678,7164,8847,10717,12091,13562,15006,17102,19234,21512,24365,27675
0,0,0,0,0,0,0,0,1,1,1,3,3,4,5,10,19,28,38,56,73,93,105,135,182,214,249,315,334,350
0,0,0,3,3,12,45,62,84,181,182,218,350,417,556,632,752,908,1128,1392,1761,2174,2451,2787,3087,3562,4020,4491,5069,5771
0,0,0,0,0,0,0,3,10,11,11,15,64,91,163,193,262,306,400,575,733,852,956,1063,1165,1368,1519,1676,1898,2221
0,0,0,0,0,4,24,29,31,37,37,37,57,60,72,83,95,104,134,175,221,255,344,390,429,486,535,591,622,697
0,0,0,0,0,0,0,0,0,0,0,0,0,4,39,39,43,71,87,139,176,229,244,257,292,313,325,335,354,406
0,0,0,0,0,0,0,0,0,0,0,0,0,0,0,0,3,3,3,3,6,6,11,14,14,15,15,15,15,16
0,0,0,0,0,0,0,1,5,12,13,17,40,54,108,145,241,382,476,539,652,751,858,948,1022,1203,1290,1398,1572,1784
0,0,0,0,0,15,34,58,112,188,198,292,478,600,964,1127,1418,1763,2251,2817,3413,4072,4824,5444,6214,6981,7558,8109,8826,9824
0,0,0,0,0,0,0,0,0,0,0,0,0,0,0,1,1,1,2,2,2,3,3,3,3,3,3,4,9,11
0,0,0,0,0,0,0,0,0,0,0,0,22,57,213,225,270,287,332,441,624,678,711,750,867,975,1190,1313,1396,1519
0,0,0,0,0,0,0,0,0,2,2,2,11,16,20,20,23,28,34,41,45,55,64,76,88,102,110,129,147,172
0,0,0,0,0,1,1,1,6,36,36,36,41,42,45,46,54,62,67,92,105,122,157,200,297,366,395,442,471,548
0,0,0,0,0,0,1,1,5,8,8,11,18,20,26,42,77,99,166,232,261,370,460,565,663,782,860,959,1060,1218
0,0,0,0,0,0,0,0,1,4,4,4,5,10,10,10,29,34,43,63,89,106,117,139,166,206,252,308,363,416
0,0,0,0,0,0,1,5,8,20,20,21,25,26,27,33,33,39,64,98,109,135,152,169,178,201,220,237,312,353
0,0,0,0,0,1,2,6,12,14,14,14,17,17,19,20,23,42,58,74,88,124,194,261,288,314,331,350,373,420
0,0,0,0,0,0,0,0,0,0,0,0,0,0,0,0,1,1,7,7,10,12,12,14,14,16,21,21,23,26
0,0,0,0,0,0,4,6,10,17,17,21,83,115,246,262,377,461,588,841,1086,1229,1407,1546,1631,1701,1804,1898,1953,2125
0,0,0,0,0,0,1,4,6,8,8,8,11,11,12,14,23,31,71,96,124,140,151,196,213,222,280,305,351,403
0,0,0,0,0,0,0,1,11,14,14,14,16,16,24,29,30,39,45,47,57,62,76,88,102,107,118,129,151,187
0,0,0,0,0,0,0,0,1,1,1,2,19,23,41,47,64,102,129,150,181,210,242,282,298,314,372,393,423,449
0,0,0,0,0,2,14,34,45,99,101,119,163,197,285,356,478,580,801,991,1275,1560,1821,2152,2473,2887,3210,3501,4007,4739
0,0,0,0,0,0,0,0,0,2,2,2,11,16,30,61,96,97,143,224,272,311,390,445,539,642,717,776,894,1059
0,0,0,0,0,0,1,2,10,13,13,13,21,24,33,38,88,98,123,145,194,250,291,359,420,531,638,705,747,962
0,0,0,0,0,0,0,3,6,7,7,7,9,9,10,17,30,42,65,77,105,129,145,164,233,276,314,337,351,373
0,0,0,0,0,0,0,0,5,10,10,12,17,17,20,25,30,46,55,73,85,102,124,139,162,177,189,197,212,236
0,0,0,0,0,0,0,2,5,10,10,11,23,25,63,73,100,132,186,228,277,292,343,363,414,481,513,596,648,702
0,0,0,2,2,4,10,14,24,44,44,46,65,74,121,134,165,197,244,299,395,441,507,549,598,695,734,801,905,1023
0,0,0,0,0,1,8,12,19,30,30,31,49,58,74,89,105,135,168,214,288,367,452,574,690,798,928,1052,1219,1417
0,0,0,0,0,0,6,6,6,15,15,15,28,32,50,52,71,88,98,114,128,149,160,172,177,202,226,245,266,312
0,0,0,0,0,0,0,2,6,14,14,14,22,27,48,60,70,93,100,114,135,168,184,194,207,227,260,313,363,407
0,0,0,0,0,0,2,3,4,9,10,12,13,18,30,33,45,55,72,88,107,120,142,177,196,233,255,293,329,363
0,0,0,0,0,4,17,41,52,75,79,87,118,127,199,231,280,366,445,612,796,959,1127,1308,1414,1628,1853,2044,2251,2552
0,0,0,0,0,1,4,8,10,15,16,16,19,19,28,34,47,52,75,106,122,136,168,192,210,261,291,350,394,442
0,0,0,0,0,2,3,3,4,8,8,11,26,30,39,52,60,91,134,160,189,230,264,332,390,432,495,543,622,660
0,0,0,0,0,0,2,5,5,8,8,12,18,19,32,37,48,53,61,82,101,135,168,209,249,290,343,374,428,506
0,0,0,0,0,0,0,0,2,3,3,3,4,4,4,4,4,4,4,4,4,4,4,6,7,14,30,47,71,85
0,0,0,0,0,0,0,0,0,2,2,2,4,4,4,4,4,4,4,4,11,23,26,27,28,28,33,41,52,62
0,0,0,0,0,1,5,9,16,31,32,35,60,60,94,109,143,174,211,269,339,427,501,582,646,754,853,964,1106,1304
0,0,0,0,0,0,0,1,8,11,11,11,34,50,88,109,136,160,219,305,388,465,506,656,707,747,817,926,1007,1165
0,0,0,2,2,2,4,6,8,16,16,16,31,34,49,61,70,95,115,167,232,285,364,403,435,510,560,642,766,872
0,0,0,0,0,0,2,2,3,12,15,15,23,24,40,54,80,108,140,202,270,406,609,761,890,981,1063,1177,1299,1459
0,0,0,0,0,0,0,0,0,0,0,0,0,2,6,7,9,9,9,9,11,29,32,34,35,38,45,64,68,76
0,0,0,0,0,0,0,0,3,3,3,4,7,12,22,49,61,89,126,145,208,223,286,331,377,416,454,496,527,569
0,0,0,0,0,0,6,14,17,25,25,42,65,76,89,118,128,175,249,295,334,387,428,479,521,586,679,810,913,1031
0,0,0,0,0,0,33,47,50,84,84,84,154,173,192,198,230,284,336,364,404,458,523,566,620,677,746,828,897,988
0,0,0,2,2,25,86,181,335,495,516,539,750,831,1116,1302,1618,1912,2388,2925,3553,4249,4940,5614,6300,7231,8161,8973,9953,11649
0,0,0,0,0,0,0,0,0,0,0,0,0,0,1,1,5,5,16,27,27,30,41,44,55,70,119,140,180,241
0,0,0,0,0,3,3,28,50,90,90,91,102,103,103,105,110,116,124,160,171,207,240,264,294,327,346,382,406,457
0,0,0,0,0,0,0,0,2,3,3,5,9,21,42,55,67,76,88,135,216,262,301,343,359,396,419,437,455,524
0,0,0,0,0,0,1,1,2,5,5,7,21,23,26,28,33,62,69,89,114,132,157,186,209,235,261,269,293,337
0,0,0,0,0,0,0,2,3,9,9,10,12,19,35,36,40,68,84,106,135,169,199,227,244,274,290,328,390,477
0,0,0,0,0,0,0,0,0,2,2,2,2,3,3,5,6,7,10,24,30,56,64,74,78,89,138,156,175,238
0,0,0,0,0,0,0,0,0,5,5,5,5,8,45,54,59,66,98,107,123,142,158,161,172,217,229,274,286,327
0,0,0,0,0,0,0,0,0,0,0,0,3,4,6,11,16,27,35,42,44,49,53,60,62,69,96,120,134,156
0,0,0,0,0,0,1,1,1,16,16,37,61,77,85,87,94,96,105,115,143,156,163,167,170,175,195,214,217,243
0,0,0,2,2,38,167,318,506,883,892,974,1265,1351,1757,1882,2207,2658,3109,3718,4483,5148,6035,6849,7752,8778,9764,10870,11994,13542
0,0,0,0,0,0,0,0,0,0,0,0,11,21,24,45,57,63,72,85,103,134,144,154,169,179,222,239,259,292
0,0,0,0,0,0,8,8,11,29,29,62,98,130,202,234,322,364,499,617,782,908,1034,1153,1249,1413,1560,1764,1964,2144
0,0,0,0,0,0,31,41,58,120,123,153,250,283,409,475,687,837,941,1047,1241,1404,1598,1797,2011,2221,2439,2664,2921,3232
0,0,0,0,0,0,2,3,4,6,6,6,7,7,10,12,12,24,29,42,46,51,53,73,82,98,124,155,181,222
0,0,0,2,2,2,2,2,2,10,10,10,26,60,62,65,65,75,85,91,115,142,168,192,224,261,273,287,295,332
0,0,0,0,0,0,0,0,0,0,0,0,0,0,2,7,9,12,13,13,19,29,29,31,31,35,36,40,53,76
0,0,0,0,0,0,0,0,0,0,0,0,0,0,0,1,2,3,9,35,36,41,46,60,60,65,66,83,98,141
0,0,0,0,0,22,174,344,557,926,947,1063,1630,1792,2447,2652,3137,3822,4596,5788,7120,8188,9354,10498,11704,13395,15021,16900,19084,21626
0,0,0,0,0,18,82,206,380,725,740,789,1116,1222,1560,1733,2111,2537,2973,3487,4137,4915,5548,6166,6831,7724,8535,9340,10517,12234
0,0,0,3,3,13,116,240,385,603,621,652,902,982,1400,1533,1820,2179,2669,3194,3942,4509,5081,5596,6209,6894,7502,8036,8928,9920
0,0,0,0,0,0,0,1,9,12,12,12,13,14,16,21,23,34,40,58,81,83,93,111,122,131,144,147,151,163
0,0,0,0,0,0,9,23,29,49,50,52,74,76,101,121,148,171,210,272,320,348,375,417,461,541,586,642,714,814
0,0,0,0,0,7,11,15,33,38,38,39,55,60,79,103,143,163,183,231,252,301,326,366,382,413,430,470,486,513
0,0,0,0,0,0,0,0,0,1,1,1,1,1,1,1,1,1,1,1,1,1,3,3,7,10,10,11,11,11
0,0,0,0,0,0,0,0,6,6,6,6,6,6,16,20,25,44,59,103,128,146,158,177,229,231,241,244,255,264
0,0,0,0,0,0,3,6,7,7,7,7,7,10,10,14,72,87,102,131,142,166,181,200,229,246,258,287,320,410
0,0,0,0,0,0,7,14,17,68,68,74,134,144,176,204,276,329,399,500,706,800,956,1052,1278,1524,1756,2045,2252,2553
0,0,0,0,0,0,0,0,0,3,3,3,3,3,3,3,3,3,3,3,4,4,6,7,7,7,7,7,9,13
0,0,0,0,0,0,0,0,0,0,0,1,1,1,1,1,4,14,35,41,49,59,71,83,96,98,121,126,152,195
0,0,0,0,0,0,0,1,1,1,1,1,2,3,5,5,5,8,10,17,23,25,29,42,66,68,75,89,96,122
0,0,0,0,0,15,22,26,36,70,70,70,160,197,224,269,321,395,510,576,662,774,881,984,1129,1281,1380,1491,1638,1867
0,0,0,0,0,0,0,0,0,0,0,0,0,0,0,0,0,3,4,5,9,15,27,29,34,52,79,101,109,138
0,0,0,0,0,0,0,0,2,2,2,2,21,21,42,46,53,60,70,128,184,248,318,394,423,432,470,488,552,583
0,0,0,4,4,4,36,38,54,106,107,111,208,229,305,337,408,472,541,667,774,855,955,1058,1178,1309,1426,1569,1721,1880
0,0,0,0,0,2,5,10,25,41,42,48,67,68,88,98,140,162,242,329,381,448,497,532,592,650,707,756,868,1049
0,0,0,0,0,0,13,27,40,54,54,59,106,112,147,155,169,189,243,281,339,404,467,544,668,788,872,960,1031,1206
0,0,0,0,0,0,17,19,20,76,88,88,211,221,334,453,525,654,775,930,1085,1234,1299,1379,1516,1634,1757,1962,2112,2403
0,0,0,0,0,0,0,3,3,3,3,3,4,4,4,6,6,7,8,8,9,10,11,11,18,23,25,28,33,39
0,0,0,1,1,19,67,156,277,457,461,514,745,851,1204,1420,1730,2056,2557,3202,3853,4673,5503,6392,7253,8425,9671,10684,11884,13570
0,0,0,3,3,28,79,172,340,564,567,581,774,838,1091,1221,1568,1821,2218,2788,3427,4243,5023,5875,6580,8011,9200,10469,12073,14486
0,0,0,0,0,4,12,19,33,76,77,80,111,117,153,180,230,293,373,467,551,645,751,836,954,1069,1173,1314,1495,1693
0,0,0,0,0,3,16,32,52,89,89,90,122,135,152,183,218,278,400,487,566,647,755,872,946,1080,1184,1306,1403,1548
0,0,0,0,0,0,1,3,10,18,18,23,30,31,33,54,80,90,96,106,145,185,188,204,215,250,276,294,332,389
0,0,0,0,0,0,0,0,0,1,1,1,1,1,4,4,4,8,12,12,17,37,42,47,54,71,74,81,119,127
0,0,0,0,0,6,32,76,126,171,174,196,434,498,583,663,727,830,948,1083,1232,1365,1445,1544,1656,1814,1910,2021,2158,2279
0,0,0,1,1,11,17,39,56,94,95,95,130,138,194,209,252,340,441,558,707,896,1061,1250,1599,1822,2001,2167,2384,2678
0,0,0,0,0,0,0,0,0,2,2,2,6,6,7,11,13,15,20,22,25,36,44,46,46,50,57,58,67,86
0,0,0,2,2,8,30,46,63,143,143,166,200,237,375,477,595,722,904,1298,1566,1866,2258,2604,2964,3491,4032,4642,5278,6200
0,0,0,4,4,15,236,415,628,1057,1085,1166,1770,1996,3086,3339,3842,4549,5537,6786,8300,9495,10698,11907,13067,14727,16197,17856,19752,22132
0,0,0,0,0,0,0,1,2,3,3,3,6,6,7,10,10,12,14,30,33,34,39,45,54,56,62,67,70,78
0,0,0,0,0,2,56,110,183,297,318,382,588,684,820,1156,1327,1474,1655,1817,2115,2425,2669,2959,3184,3411,3612,3877,4063,4221
0,0,0,0,0,0,0,0,1,2,2,2,10,12,27,31,39,47,56,80,108,119,141,150,159,166,176,205,245,301
0,0,0,0,0,0,4,11,13,19,20,20,30,33,38,42,47,58,84,101,127,172,200,218,263,286,305,353,384,425
0,0,0,0,0,3,21,49,111,221,221,228,322,363,528,579,666,744,892,1192,1487,1802,2052,2310,2542,2996,3329,3787,4381,5214
0,0,0,2,2,10,22,39,71,113,113,117,193,224,337,423,569,741,923,1192,1494,1798,2067,2320,2627,3040,3406,3847,4350,5224
0,0,0,0,0,0,4,5,7,17,17,18,30,32,36,41,50,56,84,117,143,167,203,218,250,296,327,417,520,644
0,0,0,1,1,3,61,90,106,141,142,146,199,216,273,284,329,367,432,537,681,797,911,1011,1176,1346,1468,1644,1887,2107
0,0,0,3,3,4,11,14,17,32,32,36,64,74,105,129,188,226,282,382,456,529,648,728,845,1063,1242,1485,1739,1998
0,0,0,0,0,0,0,0,1,17,17,18,21,34,47,54,90,122,156,236,286,346,425,504,604,666,754,946,1036,1197
0,0,0,0,0,0,0,1,3,3,3,3,3,3,3,3,7,7,8,10,12,21,25,28,30,37,40,49,66,92
0,0,0,0,0,0,0,7,19,20,21,21,26,27,53,79,135,209,411,459,544,643,757,893,982,1092,1160,1232,1410,1551
0,0,0,0,0,0,2,5,10,15,15,15,26,36,62,115,188,272,446,589,788,963,1166,1319,1547,1895,2118,2380,2906,3409
0,0,0,0,0,12,39,83,153,262,269,287,406,444,574,634,799,1009,1316,1640,2009,2465,2817,3140,3497,3974,4449,5005,5604,6483
0,0,0,0,0,0,8,9,9,24,24,25,58,70,87,92,102,162,182,200,245,264,285,322,334,373,398,447,464,516
0,0,0,0,0,0,3,14,21,25,32,55,64,70,79,87,101,119,143,179,217,286,324,392,425,474,514,575,635,717
0,0,0,0,0,0,0,2,4,6,6,6,7,7,7,25,29,31,36,37,41,44,57,61,69,81,90,99,115,131
0,0,0,0,0,0,1,4,5,12,12,14,30,33,44,48,67,77,103,148,202,256,303,381,451,522,617,737,881,1054
0,0,0,0,0,0,1,1,2,2,2,2,5,5,5,5,26,27,33,33,37,37,41,42,42,45,49,52,54,58
0,0,0,0,0,0,0,0,5,5,7,7,9,29,33,34,39,49,56,66,86,94,129,155,240,273,316,371,420,521
0,0,0,3,3,12,38,78,145,237,238,246,312,337,434,519,641,750,936,1175,1373,1604,1817,2053,2293,2653,3030,3320,3691,4251
0,0,0,0,0,0,5,18,33,51,51,69,110,118,144,172,201,217,245,276,328,356,398,439,476,548,611,700,823,947
0,0,0,0,0,0,0,2,5,16,16,17,30,41,64,85,131,163,199,278,324,382,443,509,565,629,706,769,911,1095
0,0,0,17,17,41,218,368,612,1096,1106,1201,1884,2182,3095,3670,5083,6715,8944,10871,13235,15937,18390,20628,22871,25615,28170,30951,34294,39203
0,0,0,31,31,79,387,672,1143,2041,2065,2248,3697,4172,5933,6495,7766,9502,11658,14787,18220,21776,25560,29574,33538,38293,42407,46823,52601,59689
0,0,0,0,0,0,0,0,2,2,2,2,3,3,20,20,20,20,26,47,61,67,87,92,95,148,154,178,191,208
0,0,0,0,0,0,0,3,6,6,6,9,11,11,14,14,17,18,24,35,39,40,42,46,56,56,69,79,88,123
0,0,0,0,0,2,2,2,2,2,2,2,2,2,3,3,3,3,6,6,29,32,34,43,43,45,48,49,49,52
0,0,0,0,0,0,0,0,0,0,0,0,0,0,0,0,0,0,0,0,0,1,6,12,33,33,33,37,63,66
0,0,0,0,0,0,0,0,0,0,0,0,0,0,2,3,10,11,15,15,33,46,74,138,153,166,186,192,199,204
0,0,0,0,0,0,0,0,0,0,0,0,14,20,48,85,151,199,354,410,535,774,1045,1265,1385,1560,1718,1828,2006,2104
0,0,0,0,0,0,0,0,2,48,48,52,60,62,83,84,96,129,168,195,274,363,487,511,581,625,661,724,753,831
0,0,0,0,0,0,0,0,1,1,1,2,5,5,8,8,10,55,85,97,134,154,174,188,210,234,248,262,266,311
0,0,0,0,0,0,1,1,1,2,2,2,2,9,21,24,42,51,82,110,152,181,214,221,236,252,264,279,313,344
0,0,0,0,0,1,16,29,36,44,44,60,115,129,175,246,322,418,497,533,636,706,771,834,898,931,987,1046,1088,1133
0,0,0,0,0,0,0,1,3,4,4,4,5,15,19,20,30,38,64,86,110,210,272,308,347,391,429,463,514,601
0,0,0,0,0,0,1,4,14,40,42,81,142,193,328,346,416,536,657,841,1064,1135,1168,1367,1461,1554,1641,1818,1896,2029
0,0,0,0,0,0,0,1,3,4,4,4,5,25,25,35,38,43,66,72,82,100,109,115,123,145,159,173,188,210
0,0,0,0,0,0,0,0,0,0,0,0,0,0,2,5,21,21,22,22,22,30,44,57,67,86,108,127,159,173
0,0,0,0,0,0,5,7,14,21,21,21,72,73,86,91,103,111,128,149,184,199,218,224,251,270,324,340,397,430
0,0,0,0,0,0,0,0,0,0,0,0,0,0,0,0,7,11,13,17,41,56,61,66,68,87,111,129,207,239
0,0,0,0,0,0,0,2,3,4,4,6,16,18,28,39,53,70,119,157,189,208,223,299,367,447,552,638,714,792
0,0,0,0,0,0,0,0,0,3,3,3,7,7,25,48,53,86,93,122,160,207,239,271,296,303,306,321,327,340
0,0,0,0,0,0,0,0,0,1,1,1,1,1,2,2,3,3,4,7,11,18,24,25,26,40,42,43,48,59
0,0,0,0,0,1,3,3,9,17,17,18,25,28,43,55,77,104,136,168,228,268,319,358,396,438,487,550,611,731
0,0,0,0,0,0,2,7,13,20,20,23,33,38,45,59,82,90,135,193,244,283,329,360,407,459,503,550,608,667
0,0,0,0,0,0,5,7,10,11,11,11,12,14,18,19,31,62,78,90,101,114,128,176,184,206,233,263,296,358
0,0,0,0,0,0,12,19,42,57,60,60,73,80,86,87,103,131,143,166,198,213,227,254,290,325,349,410,457,509
0,0,0,0,0,0,0,0,0,0,0,0,0,0,0,0,7,7,7,12,13,16,18,21,23,25,35,40,64,85
0,0,0,0,0,26,31,39,76,77,77,88,116,127,138,152,349,496,620,657,722,829,934,1010,1088,1193,1235,1315,1400,1509
0,0,0,15,15,28,123,190,306,569,577,618,867,959,1392,1633,1981,2330,2831,3703,4554,5479,6249,7085,8000,9135,10286,11601,13032,14846
0,0,0,0,0,0,0,0,0,0,0,0,10,18,27,33,55,69,100,153,232,286,311,367,433,497,541,597,632,684
0,0,0,0,0,0,0,0,0,0,0,0,0,0,0,2,2,4,6,10,10,12,12,13,21,41,43,52,55,66
0,0,0,0,0,5,5,5,7,8,8,8,16,17,27,29,53,93,124,147,192,276,325,367,413,446,493,527,581,642
0,0,0,2,2,16,97,178,309,514,522,553,743,899,1270,1463,1764,2052,2345,2698,3245,3744,4236,4792,5405,6091,6766,7542,8417,9708
0,0,0,0,0,0,0,0,0,0,0,0,0,1,1,2,6,6,9,13,23,23,26,32,55,85,90,109,131,153
0,0,0,0,0,2,4,11,18,22,22,27,42,44,62,78,93,122,164,202,226,284,331,386,446,499,557,611,669,788
0,0,0,8,8,22,311,476,692,1075,1102,1153,1742,1939,2886,3070,3271,3614,4018,4888,6029,6764,7449,8196,8874,9679,10314,11066,12171,13382
0,0,0,0,0,0,4,4,5,8,8,9,14,17,18,31,44,57,69,82,102,129,151,154,160,176,197,213,248,279
0,0,0,1,1,1,12,15,19,40,41,42,102,123,156,190,243,288,362,398,455,519,581,674,761,865,961,1048,1146,1224
0,0,0,0,0,0,1,4,6,10,14,14,16,16,22,31,37,42,91,130,164,237,287,348,418,508,609,683,726,815
0,0,0,0,0,0,3,4,6,8,8,8,13,13,21,21,22,28,32,37,50,62,77,88,98,108,114,144,161,245
0,0,0,0,0,0,0,0,0,0,0,0,1,1,1,1,2,4,6,6,7,12,17,21,34,47,63,73,75,85
0,0,0,1,1,6,31,48,67,126,133,138,234,269,432,479,604,718,857,1055,1328,1656,1936,2272,2645,3334,3855,4328,4900,5698
0,0,0,0,0,0,1,6,13,22,22,23,32,43,49,80,111,153,267,358,474,579,755,840,973,1136,1241,1474,1620,1812
0,0,0,0,0,15,67,136,244,455,462,525,765,865,1207,1385,1786,2217,2799,3434,4117,5044,5886,6701,7710,8815,10096,11225,12534,14292
0,0,0,0,0,0,0,0,0,0,0,0,0,0,0,0,2,12,14,18,23,33,38,45,45,63,78,96,125,165
0,0,0,0,0,0,0,0,0,3,3,3,3,3,6,6,18,18,18,19,23,68,188,204,230,275,313,320,334,347
0,0,0,0,0,0,0,0,0,0,0,0,0,0,0,0,0,1,2,2,2,2,2,2,6,11,12,18,20,20
0,0,0,0,0,0,11,12,18,45,45,71,140,166,295,318,350,424,481,530,586,617,626,678,693,704,727,764,777,809
0,0,0,0,0,0,0,3,9,12,12,14,30,35,53,103,174,232,348,476,530,741,908,1075,1205,1442,1541,1721,1894,2115
0,0,0,0,0,1,1,1,6,9,9,9,11,11,11,16,47,93,177,233,279,356,430,500,634,736,866,973,1127,1332
0,0,0,0,0,0,0,0,0,0,0,0,1,1,2,2,9,10,13,16,26,28,29,33,35,39,49,55,84,91
0,0,0,0,0,4,8,25,90,192,192,223,310,453,933,1468,2203,2639,3257,3993,4936,5746,6655,7344,8023,9013,9792,10927,11976,13097
0,0,0,0,0,0,0,0,0,0,0,0,2,10,11,11,17,22,33,85,104,123,152,219,289,341,364,391,400,483
0,0,0,0,0,0,0,0,0,0,1,26,31,33,68,110,141,159,210,244,304,331,393,539,686,729,781,824,915,973
0,0,0,0,0,0,25,28,30,122,122,140,203,205,262,270,291,303,385,440,494,562,587,638,666,686,699,749,753,760
0,0,0,0,0,0,0,0,2,2,2,3,19,32,41,61,74,93,181,232,328,378,461,503,524,546,556,580,651,712
0,0,0,0,0,0,0,0,0,0,0,0,0,0,2,2,2,27,28,34,45,45,47,53,72,74,74,74,76,82
0,0,0,0,0,0,0,0,0,0,0,0,0,0,0,0,3,5,8,8,39,44,45,61,67,67,67,71,71,74
0,0,0,2,2,5,45,93,141,242,274,308,472,544,749,1003,1176,1317,1636,1986,2370,3016,3655,4221,4645,5318,5848,6346,6883,7686
0,0,0,0,0,0,0,3,15,31,31,31,39,49,60,75,125,156,217,263,327,381,460,527,607,686,771,836,915,1036
0,0,0,0,0,0,0,0,0,0,0,2,2,2,3,3,3,32,49,122,164,206,231,239,242,258,277,279,286,321
0,0,0,0,0,0,0,0,0,0,0,0,5,10,20,28,44,52,99,165,258,347,454,519,614,659,711,868,919,1014
0,0,0,6,6,16,34,40,50,92,94,97,146,161,251,279,354,410,500,569,637,688,767,861,948,1019,1104,1169,1289,1435
0,0,0,0,0,0,0,0,0,0,0,0,3,3,8,8,8,9,9,10,14,14,18,18,19,25,34,48,88,102
0,0,0,1,1,2,16,28,37,61,63,67,91,112,142,166,210,242,297,339,403,466,514,564,627,709,770,847,929,1067
0,0,0,0,0,0,0,0,1,1,1,1,1,1,1,1,3,3,11,15,15,21,25,26,27,32,34,52,62,76
0,0,0,1,1,18,39,123,263,437,441,454,572,634,809,950,1100,1325,1615,1980,2291,2882,3703,4892,5988,7131,8409,9725,10869,12654
0,0,0,0,0,0,3,3,4,5,5,5,7,7,13,13,14,16,20,29,31,42,49,66,79,103,129,140,163,193
0,0,0,0,0,0,0,0,0,0,0,0,1,1,1,1,2,5,10,13,14,16,21,24,32,44,52,61,66,70
0,0,0,0,0,1,3,4,14,19,20,21,34,37,47,50,58,67,89,105,123,164,266,312,350,436,511,526,586,642
0,0,0,0,0,0,0,0,0,0,0,0,0,0,24,24,26,30,37,59,83,113,123,145,146,157,182,208,227,241
0,0,0,0,0,0,0,0,0,0,0,0,0,0,1,3,4,4,5,31,31,39,56,59,63,68,70,82,103,107
0,0,0,0,0,0,0,2,2,4,4,4,4,5,9,14,19,20,26,30,34,35,50,66,76,93,98,100,125,133
0,0,0,0,0,16,25,53,113,172,176,190,282,296,354,392,484,559,668,794,964,1133,1355,1568,1778,2113,2437,2719,2976,3505
0,0,0,0,0,1,6,15,27,44,44,50,65,70,84,112,147,184,253,307,358,422,534,670,775,989,1135,1297,1469,1647
0,0,0,1,1,2,41,64,98,153,155,163,248,312,421,455,544,643,786,936,1217,1478,1675,1859,2024,2195,2406,2610,2891,3199
0,0,0,0,0,2,3,4,6,10,10,12,35,40,48,61,86,126,199,234,278,366,467,557,640,699,857,907,988,1100
0,0,0,0,0,18,81,250,430,700,731,778,1005,1188,1896,2134,2615,3415,4511,6242,7930,9800,11433,12936,14489,16632,18782,21228,24152,27347
0,0,0,0,0,1,1,7,17,27,27,27,39,40,47,84,106,115,121,124,128,136,136,183,185,192,195,197,219,230
0,0,0,0,0,0,0,0,0,0,1,1,6,7,10,12,16,18,20,24,24,25,30,31,41,45,50,56,63,69
0,0,0,0,0,0,0,0,0,0,0,0,0,0,0,0,11,11,12,12,12,16,17,26,27,29,69,73,73,73
0,0,0,0,0,0,3,3,4,28,28,40,108,127,208,229,338,418,489,595,674,775,896,963,1031,1166,1278,1432,1549,1727
0,0,0,1,1,12,39,107,194,311,318,335,491,549,830,958,1190,1505,1972,2457,2992,3568,4114,4671,5248,5981,6762,7547,8459,9720
0,0,0,0,0,10,33,94,191,316,324,374,579,639,854,1010,1269,1569,1898,2368,2884,3466,4017,4605,5141,5828,6510,7295,8190,9375
0,0,0,0,0,0,0,1,2,4,4,4,5,6,7,9,25,29,33,59,84,103,164,172,205,231,264,270,289,313
0,0,0,0,0,0,0,0,0,0,0,0,0,0,0,1,1,3,3,14,39,40,43,55,60,73,76,80,98,112
0,0,0,3,3,11,62,120,224,349,362,424,588,667,921,1168,1469,1809,2316,2876,3464,4095,4764,5420,6156,7103,8084,8978,10087,11515
0,0,0,1,1,4,19,38,66,193,196,211,368,415,492,561,769,947,1140,1336,1625,1950,2312,2685,3040,3526,3911,4364,4794,5452
0,0,0,1,1,2,9,11,14,20,20,22,33,40,50,63,83,109,171,231,281,319,374,431,490,567,670,740,818,902
0,0,0,3,3,24,171,334,532,962,973,1094,1774,2011,2835,3189,4002,4872,5934,7273,8708,10385,11961,13648,15274,17525,19531,21631,24190,27419
0,0,0,1,1,1,10,17,30,55,56,106,134,181,353,440,520,623,772,919,1089,1280,1544,1892,2247,2545,2730,2922,3149,3430
0,0,0,0,0,0,5,5,9,55,55,56,110,123,181,201,228,265,290,397,532,652,713,787,856,959,1046,1125,1276,1446
0,0,0,1,1,4,13,37,60,88,91,99,148,169,234,282,404,538,671,821,1063,1296,1457,1707,1919,2184,2442,2777,3179,3773
0,0,0,0,0,0,0,1,1,1,1,1,3,5,16,23,27,39,49,52,72,100,142,151,156,169,178,204,213,262
0,0,0,0,0,0,0,9,19,46,47,51,71,86,111,130,181,208,260,307,357,427,489,549,607,698,795,863,936,1093
0,0,0,0,0,10,29,72,152,239,244,274,403,459,645,770,1025,1266,1548,1978,2447,2889,3367,3813,4245,4872,5443,6015,6759,7702
0,0,0,0,0,0,2,8,16,18,18,26,53,66,82,97,156,226,314,395,466,530,617,686,735,839,932,1060,1260,1462
0,0,0,0,0,0,0,0,5,7,7,7,11,15,16,17,21,23,27,31,37,41,49,56,62,67,71,81,83,95
0,0,0,1,1,2,21,58,103,195,198,223,373,423,650,722,840,1013,1239,1490,1905,2236,2571,2922,3264,3665,4135,4546,5051,5746
0,0,0,0,0,0,2,4,15,19,19,19,20,20,22,22,24,24,24,24,24,26,36,38,47,64,80,81,87,91
0,0,0,0,0,0,0,0,0,0,0,2,5,8,21,21,37,44,57,78,131,153,174,186,205,228,231,240,258,291
0,0,0,0,0,0,0,0,0,1,1,1,2,2,3,3,10,13,19,43,62,73,87,103,105,111,179,199,229,264
0,0,0,0,0,3,3,4,8,9,9,9,9,12,15,15,18,19,23,33,52,63,80,95,138,155,182,206,215,238
0,0,0,0,0,0,0,0,0,0,0,0,0,0,1,1,1,1,16,19,19,19,20,26,28,34,34,34,35,141
0,0,0,0,0,3,8,13,20,34,35,35,40,41,55,60,62,70,93,118,187,227,283,341,397,468,520,555,604,689
0,0,0,0,0,0,0,0,2,3,3,6,29,57,202,211,245,282,360,482,577,733,807,869,1009,1204,1360,1572,1702,1889
0,0,0,0,0,0,0,0,1,1,1,1,2,2,4,8,8,14,18,23,36,42,51,67,85,130,165,205,221,268
0,0,0,0,0,0,0,0,2,5,5,6,6,6,8,23,28,32,49,88,93,109,141,155,192,216,280,289,333,380
0,0,0,0,0,0,0,0,0,0,0,13,13,16,16,16,17,23,32,32,34,37,37,39,39,39,39,39,39,41
0,0,0,0,0,0,2,2,3,6,7,7,7,7,17,17,19,25,27,36,40,56,63,65,79,81,85,92,101,161
0,0,0,0,0,0,6,26,49,78,82,115,148,203,516,551,555,580,593,732,883,929,971,975,990,995,1002,1023,1037,1046
0,0,0,0,0,0,0,0,0,0,0,0,2,3,32,50,64,81,99,144,173,210,244,264,370,524,555,581,625,669
0,0,0,0,0,0,0,0,0,0,0,0,1,1,1,1,8,18,108,168,199,258,344,377,415,482,540,654,723,778
0,0,0,0,0,0,0,0,0,3,3,3,19,19,22,24,24,25,30,35,40,44,48,65,74,78,94,110,115,123
0,0,0,0,0,0,0,0,0,0,0,0,0,0,0,0,0,0,0,1,1,1,1,1,1,1,7,12,13,14
0,0,0,0,0,0,0,0,0,0,0,0,0,1,1,4,4,4,4,7,7,86,93,173,186,204,239,247,269,281
0,0,0,0,0,0,0,6,7,10,10,16,25,33,51,78,97,146,187,218,354,388,441,497,558,679,789,950,1114,1270
0,0,0,0,0,0,0,6,11,11,11,12,15,16,19,26,39,93,134,160,194,207,221,229,244,259,269,296,311,331
0,0,0,0,0,3,17,18,25,43,43,49,66,72,99,127,168,212,263,312,381,443,546,620,681,750,812,901,1068,1225
0,0,0,0,0,0,0,0,0,0,0,0,0,1,1,19,26,26,30,31,32,39,43,52,56,68,74,75,81,98
0,0,0,0,0,0,0,0,1,1,1,1,1,1,2,2,2,9,9,9,48,50,56,58,66,69,79,95,123,139
0,0,0,1,1,1,2,2,6,17,17,36,59,104,240,281,345,405,486,575,758,814,879,975,1055,1176,1306,1438,1554,1767
0,0,0,1,1,1,40,40,41,65,65,69,147,154,178,192,241,268,317,388,456,551,620,729,748,805,865,911,937,1007
0,0,0,0,0,0,0,1,3,4,4,4,21,21,30,32,97,152,183,194,215,238,254,265,281,297,313,354,387,428
0,0,0,0,0,0,0,0,0,0,0,0,1,1,1,14,16,25,44,50,55,55,109,109,117,120,131,135,151,166
0,0,0,0,0,0,0,0,0,0,0,0,2,3,3,6,29,33,33,33,39,42,44,54,59,76,96,103,105,127
0,0,0,0,0,0,0,0,2,3,3,3,3,3,3,3,32,32,59,63,70,88,113,143,155,222,246,280,320,396
0,0,0,0,0,5,56,97,189,286,294,313,476,550,875,999,1169,1326,1474,1885,2329,2672,3001,3274,3561,3860,4166,4604,5251,5936
0,0,0,0,0,0,0,0,0,0,0,0,0,0,0,0,1,1,1,1,3,3,3,3,3,5,5,6,7,13
0,0,0,0,0,13,17,48,117,236,236,245,292,301,335,348,394,458,605,687,876,1317,1780,2117,2246,2501,2709,2924,3120,3397
0,0,0,0,0,0,0,0,0,2,2,2,2,3,4,4,46,47,47,51,95,100,111,114,116,124,136,137,141,143
0,0,0,0,0,0,0,0,0,0,0,0,0,0,0,4,10,13,16,28,58,65,71,74,80,111,143,176,207,253
0,0,0,0,0,0,4,7,7,8,8,8,10,10,10,11,17,25,28,31,45,55,55,60,61,84,106,109,118,159
0,0,0,0,0,0,4,14,23,29,30,30,32,32,34,37,50,55,64,77,101,108,122,156,183,224,260,308,371,434
0,0,0,0,0,0,0,0,0,0,0,0,0,0,0,0,2,2,3,4,11,25,28,36,36,46,47,47,52,74
0,0,0,0,0,0,0,0,0,0,0,0,0,0,4,4,9,9,13,15,19,21,21,25,30,30,41,47,55,60
0,0,0,0,0,0,0,0,3,3,3,3,3,3,3,3,3,3,6,7,7,7,9,22,22,26,36,37,38,38
0,0,0,0,0,0,0,0,0,0,0,0,0,0,3,3,6,8,8,34,47,47,52,53,81,85,88,100,119,144
0,0,0,0,0,0,0,0,2,2,2,2,2,2,2,3,9,104,173,210,221,226,228,239,299,375,401,443,446,526
0,0,0,0,0,0,0,0,1,1,1,1,1,1,1,6,7,29,49,64,69,99,107,138,160,189,210,259,280,332
0,0,0,0,0,0,0,0,0,2,2,2,2,3,14,16,19,20,20,27,41,79,90,108,160,202,215,251,276,398
0,0,0,0,0,0,0,12,20,21,21,23,24,24,24,26,30,37,50,67,79,108,136,151,161,186,213,264,315,397
0,0,0,4,4,7,54,69,86,141,141,167,230,262,458,474,523,578,707,854,1045,1156,1241,1346,1461,1567,1667,1761,1937,2163
0,0,0,0,0,0,0,0,0,0,0,0,0,3,3,3,6,6,6,6,8,12,13,13,30,44,70,71,76,82
0,0,0,0,0,0,2,2,2,2,2,2,2,2,2,2,7,9,32,48,53,54,61,63,69,74,75,75,82,85
0,0,0,0,0,2,3,24,36,66,66,71,90,131,150,169,220,325,411,467,543,631,778,923,1017,1110,1211,1325,1540,1623
0,0,0,0,0,0,4,4,6,9,9,15,17,19,34,34,35,48,72,91,132,156,172,187,225,244,253,280,353,371
0,0,0,0,0,0,0,0,1,5,5,5,6,53,84,112,172,215,307,426,540,583,635,685,704,743,797,812,852,913
0,0,0,0,0,0,0,0,3,3,3,3,4,4,5,5,7,17,18,27,41,64,75,92,101,117,130,158,188,205
0,0,0,0,0,0,3,4,12,47,47,47,208,239,353,369,450,559,699,875,1048,1175,1297,1443,1612,1725,1840,1984,2194,2355
0,0,0,1,1,5,63,127,246,468,475,541,1082,1268,1905,2072,2444,2819,3296,4178,5284,6333,7325,8503,9595,10996,12197,13371,15187,16856
0,0,0,0,0,0,0,0,0,0,0,0,0,0,0,1,2,16,24,52,110,201,272,343,407,461,509,556,604,639
0,0,0,0,0,0,2,5,11,16,16,16,25,26,34,37,53,61,78,82,93,102,112,163,179,203,226,256,265,298
0,0,0,0,0,0,0,0,0,1,1,1,1,1,1,1,5,5,17,30,39,71,79,86,91,95,113,129,141,166
0,0,0,0,0,0,4,5,13,16,16,16,20,20,26,32,34,40,52,128,137,146,164,176,208,254,267,311,336,359
0,0,0,0,0,0,0,0,0,0,0,0,0,4,22,37,44,48,57,59,88,98,106,112,119,131,141,141,149,151
0,0,0,1,1,5,7,10,15,38,38,44,87,134,276,320,397,472,639,922,1178,1429,1652,1855,2094,2330,2561,2834,3157,3559
0,0,0,5,5,5,28,49,59,129,129,132,184,204,306,354,473,583,678,819,981,1112,1324,1558,1849,2187,2335,2571,2812,3104
0,0,0,0,0,0,0,0,0,0,0,0,0,4,22,23,60,99,122,126,130,139,149,188,202,228,241,269,283,317
0,0,0,0,0,0,0,0,2,3,3,4,9,16,25,31,51,85,145,199,305,410,497,553,622,736,800,988,1192,1359
0,0,0,0,0,0,0,0,1,1,1,1,2,2,5,5,6,7,8,10,10,13,13,18,34,42,51,54,58,73
0,0,0,0,0,0,0,1,2,6,6,6,7,9,22,32,47,70,94,107,124,141,181,195,222,230,276,300,326,416
0,0,0,0,0,0,0,0,1,7,7,7,7,8,8,8,10,25,31,40,43,60,68,86,98,119,125,151,174,210
0,0,0,0,0,1,7,13,18,30,33,33,49,69,89,114,125,159,202,298,372,446,522,603,679,819,910,1026,1139,1365
0,0,0,0,0,0,0,0,0,0,0,0,4,4,4,6,31,44,57,66,77,97,103,138,150,165,178,198,210,226
0,0,0,1,1,2,3,5,8,18,18,18,28,29,35,41,85,106,141,163,195,217,264,298,315,358,414,451,489,540
0,0,0,0,0,0,2,19,26,29,30,34,44,44,54,63,68,75,86,98,122,131,144,159,164,192,221,240,296,353
0,0,0,0,0,0,0,0,0,0,0,0,0,0,0,0,0,0,20,32,34,48,60,72,85,112,149,159,184,199
0,0,0,0,0,0,0,5,9,18,19,22,32,34,41,51,65,74,91,122,135,157,170,201,253,296,346,381,428,499
0,0,0,0,0,0,0,0,0,0,0,0,0,0,0,0,0,3,6,15,36,46,46,46,50,53,53,62,74,82
0,0,0,0,0,0,0,0,0,0,0,0,0,0,1,1,2,4,31,35,35,70,112,159,180,207,231,269,282,314
0,0,0,0,0,0,0,0,0,0,0,0,0,0,1,1,3,3,9,19,22,31,33,33,46,83,92,92,103,131
0,0,0,0,0,9,63,120,211,405,408,459,733,804,1020,1128,1376,1638,2198,2631,3299,3876,4263,4628,4955,5296,5619,5978,6458,6968
0,0,0,0,0,0,0,2,2,2,2,6,6,8,11,12,44,49,51,57,72,78,88,103,109,147,158,184,205,235
0,0,0,0,0,0,0,0,0,0,0,0,0,3,9,9,9,9,9,14,18,21,23,42,47,50,56,56,66,71
0,0,0,0,0,5,5,10,27,33,33,33,33,44,51,53,73,81,93,131,154,220,280,329,414,475,584,887,1004,1128
0,0,0,0,0,0,0,0,0,1,1,1,1,1,2,2,2,2,2,12,21,36,47,67,81,96,112,159,169,179
0,0,0,15,15,45,261,436,693,1099,1115,1207,1845,2039,2727,3000,3446,3983,4702,5686,7143,8263,9397,10458,11466,12762,14080,15536,17205,19382
0,0,0,1,1,1,17,23,84,145,148,195,329,343,366,429,479,498,511,531,550,577,589,604,629,633,647,655,673,697
0,0,0,0,0,0,0,0,4,6,6,6,9,9,16,19,19,21,25,43,47,51,73,83,103,114,127,141,161,200
0,0,0,0,0,6,24,42,94,153,153,179,245,305,478,656,783,955,1198,1742,2117,2476,2919,3389,3933,4604,5167,5890,7039,8037
0,0,0,0,0,0,8,8,13,38,38,45,137,147,159,172,185,206,232,261,303,329,353,453,464,499,521,528,546,599
0,0,0,0,0,9,14,23,42,57,59,59,73,80,106,124,147,168,208,235,364,419,495,547,577,612,658,710,774,897
0,0,0,0,0,0,0,2,4,10,12,23,38,71,86,108,195,361,497,599,675,790,832,880,893,923,957,1026,1071,1105
0,0,0,0,0,0,0,0,0,0,0,0,0,0,6,10,14,21,25,29,38,38,58,73,80,109,122,135,171,228
0,0,0,0,0,0,0,4,7,10,10,10,10,10,10,11,12,16,23,26,29,33,33,34,35,36,40,43,45,68
0,0,0,0,0,0,0,0,0,2,2,2,4,4,5,5,6,6,8,8,12,13,15,17,21,21,23,28,28,44
0,0,0,0,0,0,0,0,0,1,1,7,8,10,10,25,72,96,100,111,120,144,153,160,168,179,180,200,216,237
0,0,0,0,0,1,9,9,17,27,28,30,55,67,116,134,191,256,333,424,522,645,774,887,1020,1196,1340,1530,1755,2021
0,0,0,0,0,0,0,0,0,0,0,0,0,0,5,11,38,103,122,128,142,174,176,186,189,193,209,217,234,254
0,0,0,0,0,0,1,1,3,3,3,3,5,5,10,10,18,18,22,30,45,48,63,75,118,140,170,196,241,265
0,0,0,0,0,0,0,1,1,1,1,1,1,1,1,1,2,2,2,13,13,13,15,16,17,20,26,28,40,64
0,0,0,0,0,0,0,0,4,24,24,24,31,32,34,42,59,84,124,194,277,322,365,424,475,559,625,724,834,1036
0,0,0,0,0,0,0,0,0,0,0,0,0,4,15,21,27,35,41,42,43,71,86,102,115,130,145,161,167,190
0,0,0,1,1,1,9,17,24,35,35,35,44,44,48,54,56,56,61,81,99,105,114,130,173,193,243,264,274,347
0,0,0,3,3,3,31,68,93,125,127,132,175,199,326,368,508,638,889,1228,1554,1801,2100,2347,2650,2964,3165,3448,3759,4124
0,0,0,0,0,0,0,0,0,0,0,0,0,0,0,0,0,0,0,0,3,3,3,3,11,16,17,22,23,27
0,0,0,0,0,0,1,1,1,2,2,2,6,7,10,31,58,61,73,93,119,130,156,195,210,242,291,316,342,391
0,0,0,0,0,0,0,0,0,0,0,0,0,0,0,0,0,1,1,1,1,1,5,7,11,14,14,35,83,90
0,0,0,0,0,0,0,5,11,23,23,24,27,27,36,40,60,79,109,159,196,279,357,427,518,610,770,926,1049,1205
0,0,0,0,0,3,6,10,25,32,32,57,71,75,104,131,164,213,228,242,253,293,352,366,378,404,422,444,500,607
0,0,0,0,0,0,0,0,0,1,1,2,3,6,38,47,70,85,91,106,145,219,294,344,360,412,474,518,585,689
0,0,0,0,0,0,0,0,0,0,0,0,0,0,0,0,0,0,13,28,38,42,55,59,67,75,75,79,106,118
0,0,0,0,0,0,0,1,1,1,1,4,9,10,12,14,18,20,25,26,34,49,56,58,62,64,74,88,107,117
0,0,0,0,0,0,0,2,6,11,11,11,14,16,22,23,25,32,43,46,54,66,78,83,83,87,93,100,114,125
0,0,0,0,0,0,1,3,3,4,4,4,12,16,21,29,33,37,42,46,50,52,54,63,73,85,90,103,154,164
0,0,0,0,0,0,0,0,0,0,0,0,0,0,0,0,3,3,3,3,6,6,6,6,6,7,7,7,8,10
0,0,0,0,0,0,0,0,0,4,4,4,12,12,41,47,58,62,74,91,124,151,204,243,258,300,314,368,572,679
0,0,0,0,0,0,0,0,0,0,0,0,3,10,20,33,33,37,58,61,82,90,95,115,116,159,160,180,259,282
0,0,0,0,0,0,0,0,0,0,0,0,0,0,0,0,0,0,0,0,0,0,0,0,0,0,0,0,1,2
0,0,0,5,5,10,51,150,245,378,393,413,499,552,718,817,971,1188,1444,1692,1949,2286,2583,2926,3322,3827,4291,4797,5422,6274
0,0,0,0,0,0,0,2,3,3,3,3,4,5,8,14,14,16,27,32,36,51,65,72,79,92,124,135,161,214
0,0,0,0,0,9,9,11,14,21,22,22,37,42,44,44,51,84,112,131,161,189,197,209,217,261,268,288,292,322
0,0,0,0,0,0,0,0,0,0,0,0,0,0,0,0,2,5,17,17,42,51,58,91,102,102,120,122,126,134
0,0,0,0,0,0,0,0,0,0,0,0,0,0,5,6,8,26,34,35,36,36,41,46,50,52,54,58,62,69
0,0,0,0,0,0,0,6,10,18,18,19,32,48,57,60,64,70,82,91,116,135,146,157,173,192,202,214,229,252
0,0,0,1,1,16,77,152,234,383,404,472,654,750,950,1154,1459,1697,1978,2360,2858,3405,3900,4424,4904,5638,6416,7084,7957,9233
0,0,0,0,0,0,0,0,0,0,3,3,3,3,8,9,12,13,41,62,66,98,115,171,189,223,245,273,318,374
0,0,0,0,0,0,0,0,0,1,1,1,1,1,2,24,24,24,27,37,39,42,43,47,47,60,61,70,91,137
0,0,0,0,0,0,0,0,2,2,2,4,7,8,9,11,14,18,28,38,38,51,74,101,116,141,152,169,190,210
0,0,0,0,0,1,1,2,3,6,6,6,24,25,32,40,49,63,72,73,96,103,108,113,113,121,126,131,140,148
0,0,0,0,0,0,3,19,22,24,25,26,29,36,75,108,192,216,306,344,379,451,526,590,639,707,794,866,956,1075
0,0,0,0,0,0,0,0,0,0,0,0,0,0,0,0,41,48,48,48,52,52,52,52,52,55,56,71,72,72
0,0,0,0,0,0,0,0,0,0,0,0,3,18,18,18,20,23,33,39,53,62,70,91,100,102,122,133,155,187
0,0,0,0,0,0,0,0,0,1,1,1,1,1,6,8,26,34,56,74,110,131,157,183,220,230,234,252,275,338
0,0,0,0,0,0,2,14,25,56,57,68,84,89,101,102,106,142,170,202,262,321,364,390,446,498,548,613,682,823
0,0,0,0,0,0,0,3,6,8,8,18,28,51,81,87,107,123,128,166,192,208,220,238,311,316,347,381,450,502
0,0,0,0,0,0,0,1,3,12,12,15,29,38,68,78,88,140,191,238,303,364,424,464,533,606,693,781,907,1025
0,0,0,0,0,0,0,4,6,8,8,13,14,14,28,33,37,58,74,83,110,135,160,191,222,254,290,344,421,499
0,0,0,0,0,0,0,5,7,7,7,89,113,116,137,147,165,166,170,173,179,197,204,228,262,298,325,331,359,391
0,0,0,0,0,0,0,0,0,0,0,0,0,0,0,0,0,0,15,15,15,19,69,74,105,110,114,116,120,121
0,0,0,0,0,0,6,10,25,31,31,38,58,61,97,122,138,167,202,238,290,340,381,439,487,566,672,821,886,1043
0,0,0,0,0,0,1,1,6,9,9,9,24,25,31,32,36,48,57,84,113,125,157,209,240,297,348,404,502,618
0,0,0,0,0,4,4,8,17,18,18,19,26,32,44,59,67,76,89,166,223,255,298,387,472,543,655,751,888,1049
0,0,0,0,0,0,0,1,1,1,1,1,1,1,1,11,12,19,20,27,38,44,46,51,51,69,83,87,104,150
0,0,0,0,0,0,0,0,1,1,1,2,2,2,2,7,7,12,17,31,33,51,58,62,80,99,129,134,166,186
0,0,0,0,0,0,0,1,2,3,3,3,4,4,4,7,14,17,25,42,48,59,94,122,133,148,174,185,222,304
0,0,0,0,0,0,0,0,0,0,0,0,5,14,15,19,25,31,55,56,59,67,72,72,77,84,89,91,99,107
0,0,0,0,0,1,2,7,15,29,30,35,66,81,135,154,235,264,304,381,416,449,487,540,578,631,684,732,843,923
0,0,0,0,0,0,1,4,9,13,13,16,32,42,64,70,84,103,120,142,178,204,258,309,332,359,398,444,492,542
0,0,0,0,0,0,0,1,1,1,1,3,3,5,7,7,7,11,11,29,43,54,64,71,78,105,119,125,132,145
0,0,0,0,0,0,0,0,0,0,0,0,0,0,0,10,12,12,20,22,41,44,65,66,66,66,67,89,120,122
0,0,0,0,0,0,0,1,2,5,5,5,6,6,12,13,15,20,27,46,56,64,75,90,108,124,169,183,197,231
0,0,0,0,0,0,5,13,21,21,21,21,22,23,33,35,60,72,161,185,228,275,353,377,386,410,424,454,480,511
0,0,0,0,0,0,0,0,4,5,5,5,12,14,41,47,60,105,185,273,417,568,660,734,803,952,1079,1189,1406,1589
0,0,0,0,0,1,20,48,92,171,175,189,294,336,441,491,597,711,867,1129,1408,1778,2125,2520,2902,3435,3918,4465,5082,5735
0,0,0,0,0,0,6,7,19,32,32,44,75,78,85,102,183,240,286,364,435,524,620,711,790,866,986,1045,1166,1289
0,0,0,0,0,0,0,0,0,1,1,6,10,18,39,56,104,169,269,283,410,647,793,971,1139,1347,1468,1567,1655,1828
0,0,0,0,0,0,13,15,19,49,49,49,58,58,66,67,77,83,110,117,129,152,162,171,187,215,257,275,311,342
0,0,0,0,0,0,0,1,1,2,2,2,3,3,9,17,22,22,22,27,48,49,49,50,58,58,70,82,91,116
0,0,0,0,0,0,0,0,0,1,1,1,3,4,6,8,10,20,29,34,40,46,52,65,76,77,96,106,119,127
0,0,0,0,0,0,0,0,0,0,0,0,0,0,0,0,0,0,0,0,0,0,0,0,0,0,0,0,0,0
0,0,0,0,0,0,0,3,4,4,4,13,46,64,71,82,92,105,136,163,198,238,260,286,345,369,397,423,448,501
0,0,0,29,29,71,482,762,1217,2090,2130,2313,3467,3982,5722,6537,7797,9193,11405,14186,17717,21202,23917,26587,29379,33670,37056,40923,45642,50804
0,0,0,6,6,78,445,728,1235,2234,2272,2843,4867,5879,9476,11098,13840,16560,20555,25751,31607,37410,42820,48999,54366,61845,68787,75872,85013,97659
0,0,0,0,0,2,2,6,12,21,21,21,27,44,60,77,89,109,140,181,214,259,321,356,413,521,606,685,802,933
0,0,0,2,2,9,49,99,188,314,329,354,522,552,705,768,902,1045,1253,1520,2008,2396,2742,3159,3606,4187,4611,5091,5806,6630
0,0,0,1,1,6,14,32,74,130,133,140,193,212,280,349,442,529,653,834,1003,1252,1467,1705,1920,2276,2631,3003,3540,4117
0,0,0,10,10,24,211,360,532,864,884,966,1574,1810,2532,2848,3448,4276,5280,6542,8069,9708,11428,12835,14548,16707,18511,20319,22506,24920
0,0,0,0,0,9,25,46,78,128,134,147,232,252,344,386,449,544,708,928,1225,1439,1624,1829,2036,2336,2620,2926,3343,3922
0,0,0,0,0,3,15,54,114,200,202,217,319,341,471,561,688,803,1071,1372,1828,2226,2644,3006,3373,4121,4847,5548,6469,7840
0,0,0,3,3,21,78,166,285,464,469,501,597,648,832,949,1117,1335,1607,1999,2329,2806,3217,3750,4214,5102,5860,6531,7310,8304
0,0,0,0,0,0,0,0,0,0,0,0,3,6,21,28,38,58,76,85,87,107,111,114,117,137,157,181,191,209
0,0,0,11,11,19,155,278,417,708,732,815,1265,1476,2486,2879,3538,4333,5607,7523,9667,11428,13159,14822,16418,18484,20583,23232,26314,31305
0,0,0,2,2,12,41,97,204,319,340,351,472,509,642,692,781,903,1067,1347,1669,1897,2097,2332,2542,2822,3082,3347,3747,4339
0,0,0,0,0,0,2,3,13,46,48,49,137,182,406,421,465,577,676,821,988,1081,1169,1241,1350,1428,1480,1575,1714,1877
0,0,0,0,0,0,16,21,30,55,55,55,118,177,256,302,324,371,409,433,483,520,530,561,605,624,657,706,763,815
0,0,0,0,0,0,0,3,3,3,3,3,9,13,31,32,33,34,48,87,111,127,141,184,218,253,269,307,336,396
0,0,0,0,0,0,0,0,0,0,0,0,0,0,0,0,0,0,0,5,10,12,12,12,13,13,14,15,15,25
0,0,0,0,0,6,12,32,46,71,73,81,100,111,165,208,291,362,455,567,699,825,1008,1155,1316,1553,1748,1933,2175,2560
0,0,0,0,0,0,0,1,5,11,11,11,12,13,34,40,60,72,75,84,99,125,156,189,220,253,283,311,346,373
0,0,0,0,0,0,3,6,11,18,18,20,29,33,56,65,83,128,155,180,204,229,297,356,409,443,500,567,644,699
0,0,0,0,0,0,0,1,1,3,3,3,5,9,16,31,41,43,59,63,69,81,91,101,116,132,142,152,171,200
0,0,0,16,16,58,303,462,755,1230,1247,1386,2192,2429,3505,3944,4976,5998,7460,9416,11379,13560,15649,17883,20183,23274,26370,29420,33241,38336
0,0,0,0,0,0,0,4,5,6,6,6,7,7,28,64,76,79,138,162,200,227,279,353,385,429,493,514,538,607
0,0,0,0,0,1,11,15,32,45,45,47,67,78,107,164,219,288,381,471,560,670,771,859,946,1067,1214,1356,1492,1687
0,0,0,0,0,0,0,4,4,8,8,8,10,10,22,22,50,96,114,119,125,132,139,144,146,160,179,183,190,201
0,0,0,0,0,3,3,12,22,29,29,29,34,36,36,44,51,60,73,80,84,104,123,142,173,200,257,289,345,387
0,0,0,0,0,0,0,0,1,1,1,5,13,17,25,29,33,55,74,81,102,113,132,138,169,183,199,213,229,267
0,0,0,0,0,3,8,13,24,26,26,26,27,27,33,33,36,47,55,62,64,75,93,101,113,126,155,173,190,235
0,0,0,3,3,10,34,92,150,248,256,276,380,434,641,751,939,1071,1305,1761,2076,2371,2746,3082,3485,4115,4611,5228,5890,6890
0,0,0,0,0,0,0,0,0,0,0,0,0,0,4,4,7,9,12,22,24,25,35,41,42,49,51,52,56,71
0,0,0,0,0,2,2,3,3,5,5,5,8,22,24,28,36,44,44,54,57,69,100,104,108,115,115,120,122,139
0,0,0,0,0,0,1,7,13,36,36,46,57,79,263,276,292,306,368,483,573,625,680,723,750,798,837,915,971,1058
0,0,0,0,0,1,2,9,9,10,10,10,11,17,66,66,78,148,168,210,253,277,330,373,397,414,436,458,467,495
0,0,0,1,1,2,14,21,36,57,57,73,101,113,142,150,158,197,225,284,351,421,477,518,573,634,680,739,886,1015
0,0,0,0,0,0,0,0,0,0,0,0,2,20,22,23,29,31,56,112,132,202,227,249,259,274,294,363,389,436
0,0,0,0,0,0,0,1,1,1,1,1,51,54,94,152,216,251,329,419,507,746,896,998,1061,1329,1454,1751,1888,2186
0,0,0,0,0,0,0,1,1,1,1,1,2,2,22,22,25,33,41,51,69,77,79,88,90,108,115,123,138,146
0,0,0,0,0,0,0,0,2,3,3,3,12,12,13,17,22,26,39,40,43,85,111,135,178,186,198,202,209,217
0,0,0,0,0,0,0,0,2,3,3,3,4,8,40,47,70,130,318,387,487,598,655,799,877,972,1025,1143,1239,1403
0,0,0,0,0,0,0,1,1,1,1,1,3,3,3,6,6,6,10,10,11,14,26,31,35,41,43,49,49,50
0,0,0,0,0,0,0,7,14,20,20,41,56,75,92,110,149,164,250,362,584,750,877,1105,1273,1394,1551,1748,1961,2274
0,0,0,1,1,2,37,74,126,175,178,194,285,291,431,462,509,602,682,826,1034,1146,1230,1321,1450,1566,1700,1856,2067,2273
0,0,0,0,0,0,2,4,6,8,8,8,17,18,24,32,44,60,75,81,96,107,125,157,191,213,259,296,318,351
0,0,0,0,0,0,0,0,0,0,0,0,0,0,0,1,1,1,1,1,1,4,4,4,18,18,22,22,31,37
0,0,0,0,0,0,0,0,0,0,0,0,2,2,26,34,39,46,55,66,82,110,144,162,178,188,216,229,260,275
0,0,0,0,0,0,0,7,7,9,9,9,9,11,23,26,31,53,72,98,138,212,231,264,282,295,314,337,365,398
0,0,0,0,0,0,0,0,3,3,3,5,5,5,15,18,19,23,60,62,122,153,171,202,209,223,241,255,286,300
0,0,0,0,0,0,1,7,18,29,29,31,49,57,79,100,135,198,230,259,345,438,541,629,710,789,870,935,1047,1205
0,0,0,0,0,0,0,3,4,5,5,5,5,5,5,5,5,5,5,7,7,7,12,17,18,28,31,47,48,54
0,0,0,3,3,10,96,211,351,571,586,704,1055,1311,1808,1953,2452,2978,3617,4301,5064,5897,6732,7516,8311,9352,10309,11232,12435,13970
0,0,0,0,0,2,4,12,28,34,34,35,46,47,59,71,120,248,396,432,494,603,807,911,1012,1106,1179,1244,1310,1430
0,0,0,0,0,0,0,0,0,0,0,0,0,0,2,2,6,13,19,22,26,31,49,55,56,59,60,66,85,88
0,0,0,0,0,0,0,0,0,0,0,0,0,0,0,0,0,0,0,0,0,0,0,0,0,1,5,5,7,7
0,0,0,0,0,0,0,0,0,1,1,1,1,1,1,1,1,2,4,4,10,10,10,14,16,17,20,23,32,43
0,0,0,0,0,0,0,0,0,0,0,0,0,0,5,5,5,5,5,5,5,6,7,9,13,13,13,16,18,28
0,0,0,0,0,0,0,17,21,46,46,51,87,116,158,166,176,184,222,248,293,385,386,394,398,398,413,414,439,457
0,0,0,0,0,0,4,4,9,20,23,27,34,41,96,110,134,179,230,317,433,560,656,759,876,992,1102,1274,1445,1646
0,0,0,0,0,0,0,0,0,2,2,2,3,3,4,6,11,18,25,30,54,103,140,170,188,213,247,266,309,355
0,0,0,0,0,1,2,8,17,25,25,29,102,124,156,163,189,245,321,344,394,478,569,602,653,711,754,839,921,1005
0,0,0,0,0,0,0,0,0,2,2,2,4,4,5,6,6,6,6,8,8,8,8,8,8,8,9,9,9,9
0,0,0,0,0,10,92,191,338,600,612,684,956,1130,1773,1988,2232,2524,2897,3603,4256,4734,5117,5542,5970,6535,7254,8093,8859,10149
0,0,0,0,0,24,39,83,161,269,269,285,363,400,505,655,823,1064,1295,1634,1892,2273,2650,3022,3420,4056,4640,5258,6056,7004
0,0,0,0,0,1,1,2,6,22,22,24,25,28,35,52,62,77,91,100,133,194,251,315,384,434,530,570,621,726
0,0,0,0,0,0,17,27,51,79,83,87,134,153,277,291,313,365,428,529,690,791,898,987,1089,1211,1324,1438,1615,1816
0,0,0,0,0,1,4,6,16,25,25,44,78,136,181,337,497,567,654,737,840,943,1103,1286,1484,1731,1968,2121,2319,2682
0,0,0,3,3,30,101,225,416,664,673,744,1104,1265,1826,2110,2601,3137,3904,4727,5653,6492,7353,8266,9222,10592,12070,13330,14790,16967
0,0,0,0,0,6,7,30,66,105,106,111,164,182,235,274,345,415,520,597,690,828,935,1047,1185,1449,1695,1887,2119,2482
0,0,0,0,0,4,11,13,14,15,15,15,23,23,36,41,67,123,164,231,272,309,357,393,452,496,573,659,700,779
0,0,0,6,6,40,233,409,678,1156,1179,1295,1937,2188,3182,3554,4347,5278,7044,9028,11439,14189,16186,18371,20609,24178,27473,30830,35272,40529
0,0,0,0,0,4,9,25,53,87,87,93,115,131,196,262,343,445,599,759,914,1104,1271,1453,1664,2075,2469,2842,3195,3734
0,0,0,0,0,5,33,67,127,226,235,267,419,490,738,845,1073,1393,1723,2237,2981,3677,4227,4801,5261,6020,6810,7730,8950,10123
0,0,0,0,0,0,2,8,18,34,34,39,52,58,77,94,127,156,190,253,316,403,461,551,628,727,827,949,1129,1351
0,0,0,0,0,0,0,1,8,18,18,18,28,31,44,62,76,121,129,160,187,218,276,389,453,520,587,656,935,1063
0,0,0,2,2,9,18,32,53,77,77,86,152,172,242,303,417,559,770,948,1195,1493,1749,1976,2226,2599,2963,3458,3903,4369
0,0,0,0,0,4,12,30,52,85,85,89,128,136,201,230,282,358,493,641,790,961,1104,1301,1452,1734,2091,2655,3354,4292
0,0,0,0,0,3,6,13,30,48,50,56,80,88,157,206,248,318,405,556,701,878,1034,1173,1343,1586,1865,2141,2363,2749
0,0,0,0,0,0,4,5,7,10,10,10,11,12,21,23,27,37,42,63,71,95,109,146,185,209,226,238,261,294
0,0,0,0,0,0,0,7,8,10,10,10,18,23,28,35,47,68,80,86,128,155,208,254,302,341,382,441,554,623
0,0,0,0,0,0,1,1,2,2,2,2,4,4,11,11,15,22,29,35,37,41,46,47,48,52,54,59,65,84
0,0,0,0,0,0,1,5,5,9,9,9,13,14,33,38,52,63,84,90,102,146,188,215,238,277,308,331,369,440
0,0,0,0,0,0,1,1,1,3,3,3,5,5,7,9,12,16,21,28,34,34,46,60,69,79,96,103,115,124
0,0,0,5,5,22,84,156,311,494,504,544,810,932,1348,1566,1846,2148,2596,3309,4035,4734,5386,6020,6660,7544,8435,9391,10574,11984
0,0,0,0,0,0,0,0,0,0,0,0,0,4,4,4,7,17,19,33,50,57,71,72,74,88,105,118,123,130
0,0,0,0,0,0,0,0,0,0,0,0,0,0,0,0,0,0,1,1,1,8,9,15,15,16,18,18,29,42
0,0,0,0,0,2,3,7,14,28,28,30,46,50,65,77,98,124,142,187,254,311,354,445,486,614,696,781,918,1061
0,0,0,2,2,4,8,25,66,106,107,121,164,192,267,336,428,530,689,921,1106,1391,1577,1777,1974,2280,2615,2923,3238,3674
0,0,0,0,0,0,0,0,0,1,1,1,5,9,71,76,76,82,136,217,278,365,422,485,629,836,937,1142,1236,1321
0,0,0,0,0,0,0,0,0,1,1,1,3,3,3,5,5,11,16,19,21,22,24,26,28,33,44,46,59,70
0,0,0,0,0,0,14,16,23,73,73,76,133,147,176,218,284,347,427,530,661,725,797,908,1022,1182,1301,1450,1664,1819
0,0,0,1,1,22,89,145,232,344,344,404,541,602,749,864,1081,1346,1971,2466,2957,3537,4285,4891,5382,5991,6623,7285,8143,9234
0,0,0,0,0,0,0,1,1,5,5,6,8,8,21,38,42,65,99,124,155,181,211,237,278,328,382,433,475,540
0,0,0,0,0,0,0,0,1,5,7,14,40,63,65,157,237,245,251,253,259,291,316,360,367,423,477,481,503,556
0,0,0,52,52,195,1193,2137,3491,5978,6091,6667,9915,11020,14799,16365,19255,22783,27318,32586,38792,45288,51157,56742,62671,70727,78526,86318,95331,106994
0,0,0,18,18,69,185,323,469,799,809,958,1504,1838,2512,2824,3619,4577,5487,6402,7417,8693,10048,11323,12499,13947,15471,17054,18798,21015
0,0,0,2,2,2,17,22,33,57,57,66,87,95,110,119,138,163,183,212,241,288,327,362,390,444,481,524,566,654
0,0,0,0,0,0,1,4,6,24,26,28,51,55,83,118,125,126,132,136,142,156,170,195,219,237,250,259,274,286
0,0,0,0,0,0,0,0,0,0,0,0,3,9,11,17,26,29,43,51,61,80,85,96,108,121,131,150,163,235
0,0,0,0,0,0,0,0,0,5,5,12,14,18,23,32,43,45,56,57,77,89,103,106,110,114,114,119,124,135
0,0,0,0,0,0,0,3,3,3,3,3,3,4,9,10,20,21,34,40,48,57,65,174,215,272,414,460,498,529
